{"train/total_loss": 0.6705418229103088, "train/lr": 1.012172462655324e-09, "_timestamp": 1721662067.276522, "_runtime": 1718.7885248661041, "_step": 490, "train/n_clusters": 5, "test/better_percentage": 99.7, "test/avg_improvement": 23.81315122334117, "test/recalls_raw": {"1": 0.694, "5": 0.906, "10": 0.949}, "test/recalls_comb": {"1": 0.701, "5": 0.907, "10": 0.944}, "_wandb": {"runtime": 1720}}