{"comb/image_to_text_recall_5":82.69999999999999,"raw/image_to_text_recall_1":79.3,"comb/text_to_image_recall_1":36.22,"test/better_percentage":500,"_timestamp":1.7253691687711334e+09,"raw/text_to_image_recall_10":90.08,"raw/text_to_image_rsum":232.33999999999997,"raw/image_to_text_recall_5":95,"raw/mAP_t2i":0.6972033800647486,"raw/mAP_i2t":0.6417604357721651,"raw/text_to_image_recall_1":58.81999999999999,"raw/r_sum":504.73999999999995,"raw/medR_t2i":1,"comb/medR_i2t":15,"_step":229,"raw/image_to_text_recall_10":98.1,"comb/text_to_image_recall_5":62.13999999999999,"_runtime":340.98254554,"comb/text_to_image_recall_10":71.8,"raw/meanR_t2i":6.0368,"_wandb":{"runtime":373},"val/diversity_score":0.0009381630523421336,"comb/mAP_i2t":0.34047031493666663,"test/avg_worst_improvement":6.816548298987775,"raw/image_to_text_rsum":272.4,"comb/image_to_text_rsum":227.79999999999998,"raw/medR_i2t":4,"comb/medR_t2i":3,"train/total_loss":0.6474694013595581,"train/lr":9.054563219015209e-07,"val/raw_better_percentage":99.970703125,"test/avg_improvement":130.43766805358135,"comb/r_sum":397.9599999999999,"raw/text_to_image_recall_5":83.44,"val/shuffled_better_percentage":49.82421875,"comb/image_to_text_recall_10":91.4,"comb/meanR_t2i":22.5628,"comb/meanR_i2t":137.4706,"comb/text_to_image_rsum":170.15999999999997,"comb/image_to_text_recall_1":53.7,"comb/mAP_t2i":0.48283771146968274,"raw/meanR_i2t":25.0006,"train/n_clusters":35973}