{"raw/medR_i2t":4,"train/n_clusters":298,"comb/medR_i2t":15,"_timestamp":1.7252959887063e+09,"raw/image_to_text_recall_10":98.1,"test/avg_worst_improvement":8.024206206199551,"comb/mAP_i2t":0.33767023922399564,"raw/mAP_t2i":0.6972033800647486,"comb/text_to_image_recall_5":60.86,"raw/text_to_image_rsum":232.33999999999997,"comb/image_to_text_rsum":226.5,"raw/mAP_i2t":0.6417604357721651,"comb/text_to_image_recall_1":35.86,"test/avg_improvement":168.1301694979787,"test/better_percentage":500,"comb/r_sum":394.6,"raw/image_to_text_rsum":272.4,"comb/medR_t2i":3,"raw/medR_t2i":1,"comb/meanR_i2t":140.0734,"comb/text_to_image_rsum":168.1,"comb/image_to_text_recall_5":82.5,"train/total_loss":0.6267567873001099,"comb/text_to_image_recall_10":71.38,"_runtime":768.378629755,"comb/meanR_t2i":23.835,"raw/text_to_image_recall_5":83.44,"_wandb":{"runtime":771},"comb/mAP_t2i":0.4777303483692873,"raw/image_to_text_recall_1":79.3,"raw/r_sum":504.73999999999995,"train/lr":5.541567714558658e-07,"raw/meanR_t2i":6.0368,"comb/image_to_text_recall_1":53.400000000000006,"raw/text_to_image_recall_1":58.81999999999999,"_step":525,"raw/image_to_text_recall_5":95,"raw/meanR_i2t":25.0006,"comb/image_to_text_recall_10":90.60000000000001,"raw/text_to_image_recall_10":90.08}