{"comb/medR_t2i":3,"test/avg_worst_improvement":86.89200931852092,"comb/mAP_t2i":0.4970726848940012,"comb/r_sum":405.5,"comb/text_to_image_recall_1":37.980000000000004,"comb/meanR_t2i":20.5116,"comb/mAP_i2t":0.36135329772188923,"raw/meanR_i2t":25.0006,"raw/image_to_text_recall_1":79.3,"comb/text_to_image_recall_5":63.339999999999996,"test/avg_improvement":146.31319980792819,"raw/medR_t2i":1,"comb/image_to_text_recall_10":91.8,"val/raw_better_percentage":99.84375,"raw/meanR_t2i":6.0368,"raw/r_sum":504.73999999999995,"_timestamp":1.7254043440475028e+09,"val/diversity_score":0.09649107535551593,"raw/text_to_image_rsum":232.33999999999997,"train/n_clusters":5,"raw/text_to_image_recall_10":90.08,"comb/text_to_image_rsum":174.2,"comb/image_to_text_recall_1":55.2,"comb/meanR_i2t":115.5322,"raw/text_to_image_recall_1":58.81999999999999,"comb/text_to_image_recall_10":72.88,"comb/image_to_text_rsum":231.3,"train/total_loss":0.6526064872741699,"test/better_percentage":500,"_step":1167,"comb/medR_i2t":13,"comb/image_to_text_recall_5":84.3,"raw/image_to_text_rsum":272.4,"raw/image_to_text_recall_10":98.1,"raw/medR_i2t":4,"train/lr":9.056263775851686e-07,"val/shuffled_better_percentage":49.4921875,"_wandb":{"runtime":3070},"raw/mAP_t2i":0.6972033800647486,"raw/mAP_i2t":0.6417604357721651,"_runtime":3069.314342032,"raw/text_to_image_recall_5":83.44,"raw/image_to_text_recall_5":95}