{"test/avg_worst_improvement":2.91771650452446,"comb/text_to_image_rsum":121.86,"comb/image_to_text_recall_1":47.3,"raw/image_to_text_recall_5":95,"raw/mAP_i2t":0.6417604357721651,"comb/image_to_text_recall_10":87.7,"train/n_clusters":35077,"comb/mAP_i2t":0.31465157602454585,"raw/text_to_image_recall_5":83.44,"raw/meanR_t2i":6.0368,"test/avg_improvement":697.8860102721526,"train/total_loss":0.2858823537826538,"comb/medR_i2t":17,"comb/text_to_image_recall_10":54.22,"comb/meanR_i2t":127.1174,"raw/r_sum":504.73999999999995,"_wandb":{"runtime":314},"raw/image_to_text_recall_1":79.3,"comb/text_to_image_recall_1":22.98,"raw/text_to_image_recall_1":58.81999999999999,"comb/meanR_t2i":52.2096,"_runtime":311.526730069,"raw/meanR_i2t":25.0006,"raw/image_to_text_rsum":272.4,"train/lr":8.358091017668784e-05,"comb/image_to_text_recall_5":78.5,"_step":297,"comb/r_sum":335.36,"raw/text_to_image_recall_10":90.08,"raw/medR_t2i":1,"_timestamp":1.7252926489127624e+09,"raw/mAP_t2i":0.6972033800647486,"comb/image_to_text_rsum":213.5,"raw/medR_i2t":4,"raw/image_to_text_recall_10":98.1,"comb/medR_t2i":8,"comb/mAP_t2i":0.3355402558547188,"raw/text_to_image_rsum":232.33999999999997,"comb/text_to_image_recall_5":44.66,"test/better_percentage":500}