{"val/diversity_score":0.08080627827439457,"train/n_clusters":0,"_step":37,"train/total_loss":0.7312825918197632,"_wandb":{"runtime":36},"_timestamp":1.7258857073191352e+09,"val/raw_better_percentage":79.638671875,"_runtime":26.715927811,"train/lr":9.962768027448403e-07,"val/shuffled_better_percentage":97.40234375}