{"test/comb_meanR_t2i":19.5026,"test/raw_medR_t2i":1,"test/comb_image_to_text_rsum":423.9,"train/n_clusters":14458,"train/total_loss":0.8277425169944763,"test/comb_text_to_image_recall":[36.68,62.68,72.7,90.44,95.04],"test/raw_text_to_image_recall":[58.81999999999999,83.44,90.08,97.82,99.22],"_runtime":131.714458314,"test/comb_text_to_image_rsum":357.54,"test/comb_mAP_i2t":0.3694241699111883,"test/comb_r_sum":781.44,"test/better_percentage":6.5,"test/comb_image_to_text_recall":[54.50000000000001,80.9,90.5,98.5,99.5],"test/raw_mAP_t2i":0.6972033800647486,"test/avg_improvement":-92.86351921344814,"test/raw_image_to_text_recall":[79.3,95,98.1,99.8,99.9],"test/comb_medR_t2i":3,"test/raw_meanR_i2t":25.0006,"_timestamp":1.7247640266091046e+09,"test/comb_meanR_i2t":100.1676,"_wandb":{"runtime":139},"test/raw_text_to_image_rsum":429.38,"test/raw_r_sum":901.48,"test/raw_meanR_t2i":6.0368,"test/raw_mAP_i2t":0.6417604357721651,"test/raw_medR_i2t":4,"test/comb_mAP_t2i":0.48672915237459985,"test/comb_medR_i2t":13,"_step":32,"test/raw_image_to_text_rsum":472.1,"train/lr":9.897978371748722e-07}