{"comb/meanR_i2t":171.795,"raw/text_to_image_recall_5":83.44,"raw/image_to_text_recall_5":95,"val/shuffled_better_percentage":49.560546875,"comb/mAP_t2i":0.3690225345163708,"comb/medR_i2t":21,"comb/text_to_image_recall_5":49.220000000000006,"raw/text_to_image_recall_1":58.81999999999999,"raw/medR_t2i":1,"train/total_loss":0.816155731678009,"test/avg_improvement":-111.57065697361213,"raw/r_sum":504.73999999999995,"val/diversity_score":0.09756165377552861,"raw/text_to_image_recall_10":90.08,"comb/image_to_text_recall_10":86.5,"train/n_clusters":10,"raw/medR_i2t":4,"_step":179,"raw/image_to_text_rsum":272.4,"raw/meanR_t2i":6.0368,"comb/text_to_image_recall_1":25.34,"comb/image_to_text_recall_5":77.3,"raw/image_to_text_recall_10":98.1,"_runtime":649.904837657,"comb/image_to_text_rsum":210,"val/raw_better_percentage":1.044921875,"comb/r_sum":345.06,"raw/image_to_text_recall_1":79.3,"test/avg_worst_improvement":59.32811912795092,"comb/medR_t2i":6,"comb/text_to_image_recall_10":60.5,"train/lr":8.628244983206375e-07,"_wandb":{"runtime":650},"comb/image_to_text_recall_1":46.2,"_timestamp":1.7254382372851837e+09,"comb/meanR_t2i":35.6458,"raw/text_to_image_rsum":232.33999999999997,"comb/text_to_image_rsum":135.06,"comb/mAP_i2t":0.2947718568232285,"raw/mAP_t2i":0.6972033800647486,"raw/mAP_i2t":0.6417604357721651,"test/better_percentage":6.6000000000000005,"raw/meanR_i2t":25.0006}