{"raw/image_to_text_recall_1":79.3,"comb/meanR_t2i":32.417,"comb/meanR_i2t":169.7092,"raw/text_to_image_recall_10":90.08,"raw/image_to_text_rsum":272.4,"raw/meanR_i2t":25.0006,"raw/medR_i2t":4,"comb/medR_t2i":4,"train/lr":9.725176388282524e-08,"_wandb":{"runtime":1911},"raw/r_sum":504.73999999999995,"raw/text_to_image_recall_5":83.44,"comb/text_to_image_recall_10":65.10000000000001,"_runtime":1906.536032861,"raw/text_to_image_rsum":232.33999999999997,"raw/image_to_text_recall_5":95,"comb/image_to_text_rsum":218.20000000000002,"train/n_clusters":6,"raw/text_to_image_recall_1":58.81999999999999,"comb/image_to_text_recall_5":78.8,"comb/text_to_image_recall_5":54.96,"comb/mAP_i2t":0.3120081474999181,"test/avg_improvement":163.86251075138352,"comb/mAP_t2i":0.41849172779091043,"raw/mAP_i2t":0.6417604357721651,"raw/mAP_t2i":0.6972033800647486,"comb/medR_i2t":19,"comb/text_to_image_recall_1":30.159999999999997,"train/total_loss":0.6410369277000427,"raw/medR_t2i":1,"val/raw_better_percentage":99.990234375,"test/avg_worst_improvement":0.00016351005800511876,"comb/text_to_image_rsum":150.22000000000003,"comb/image_to_text_recall_10":89.4,"raw/image_to_text_recall_10":98.1,"_step":928,"val/shuffled_better_percentage":2.802734375,"comb/image_to_text_recall_1":50,"comb/r_sum":368.4200000000001,"test/better_percentage":500,"raw/meanR_t2i":6.0368,"_timestamp":1.7253627813141656e+09}