{"raw/mAP_i2t":0.6417604357721651,"comb/text_to_image_recall_10":65.84,"raw/r_sum":504.73999999999995,"_runtime":1586.599169439,"raw/mAP_t2i":0.6972033800647486,"val/raw_better_percentage":99.90234375,"raw/text_to_image_recall_10":90.08,"comb/text_to_image_recall_1":32.440000000000005,"comb/image_to_text_rsum":218.5,"raw/text_to_image_recall_1":58.81999999999999,"_wandb":{"runtime":1587},"raw/meanR_t2i":6.0368,"test/avg_improvement":130.14755473941207,"comb/r_sum":372.78000000000003,"comb/medR_i2t":18,"test/avg_worst_improvement":0.011570695252573125,"raw/image_to_text_rsum":272.4,"comb/meanR_i2t":155.264,"raw/image_to_text_recall_5":95,"comb/image_to_text_recall_10":88.3,"raw/medR_i2t":4,"val/shuffled_better_percentage":6.435546875000001,"comb/image_to_text_recall_1":50.3,"raw/image_to_text_recall_1":79.3,"raw/image_to_text_recall_10":98.1,"train/n_clusters":20,"comb/meanR_t2i":31.172,"raw/medR_t2i":1,"raw/text_to_image_rsum":232.33999999999997,"comb/text_to_image_recall_5":56.00000000000001,"comb/mAP_i2t":0.3155008440802959,"test/better_percentage":499.7,"train/lr":2.880862201570278e-07,"train/total_loss":0.657299280166626,"raw/text_to_image_recall_5":83.44,"_step":743,"comb/text_to_image_rsum":154.28000000000003,"_timestamp":1.7253686192221937e+09,"raw/meanR_i2t":25.0006,"comb/mAP_t2i":0.43775099979146925,"comb/image_to_text_recall_5":79.9,"comb/medR_t2i":4}