{"comb/text_to_image_recall_5":57.699999999999996,"raw/meanR_i2t":25.0006,"test/avg_worst_improvement":11.515741222669725,"raw/meanR_t2i":6.0368,"comb/image_to_text_recall_5":80,"raw/text_to_image_recall_5":83.44,"val/raw_better_percentage":99.912109375,"val/shuffled_better_percentage":14.931640625,"comb/meanR_t2i":28.04,"_runtime":2199.18883925,"comb/image_to_text_rsum":221.8,"raw/r_sum":504.73999999999995,"comb/text_to_image_rsum":158.6,"_wandb":{"runtime":2200},"comb/medR_i2t":18,"raw/image_to_text_recall_1":79.3,"raw/medR_i2t":4,"raw/image_to_text_rsum":272.4,"train/lr":1.0021132818596065e-09,"comb/text_to_image_recall_10":68.16,"test/avg_improvement":142.69190911596868,"comb/meanR_i2t":151.613,"train/n_clusters":5,"comb/text_to_image_recall_1":32.74,"raw/text_to_image_recall_1":58.81999999999999,"raw/medR_t2i":1,"test/better_percentage":499.5,"_step":1164,"raw/mAP_i2t":0.6417604357721651,"comb/mAP_i2t":0.3185154431073689,"raw/mAP_t2i":0.6972033800647486,"raw/image_to_text_recall_10":98.1,"comb/medR_t2i":4,"train/total_loss":0.6529681086540222,"comb/image_to_text_recall_10":89.8,"comb/mAP_t2i":0.4441837872925149,"comb/image_to_text_recall_1":52,"raw/text_to_image_recall_10":90.08,"raw/image_to_text_recall_5":95,"_timestamp":1.7253595023279607e+09,"comb/r_sum":380.4,"raw/text_to_image_rsum":232.33999999999997}