{"val/raw_better_percentage":100,"test/avg_worst_improvement":8.675265820213372,"raw/text_to_image_recall_10":90.08,"_wandb":{"runtime":902},"raw/meanR_t2i":6.0368,"comb/r_sum":389.46000000000004,"raw/text_to_image_rsum":232.33999999999997,"train/n_clusters":5,"comb/image_to_text_recall_1":50.9,"comb/text_to_image_recall_1":35.339999999999996,"raw/medR_i2t":4,"comb/image_to_text_recall_5":82.3,"raw/meanR_i2t":25.0006,"_runtime":881.678812384,"_timestamp":1.7253729841825094e+09,"comb/text_to_image_recall_10":70.12,"comb/text_to_image_rsum":165.96,"comb/meanR_i2t":142.063,"comb/mAP_i2t":0.3294422630951573,"raw/mAP_t2i":0.6972033800647486,"val/shuffled_better_percentage":53.25195312499999,"comb/medR_t2i":3,"raw/image_to_text_recall_1":79.3,"comb/meanR_t2i":25.2016,"raw/image_to_text_recall_5":95,"comb/text_to_image_recall_5":60.5,"test/better_percentage":500,"raw/medR_t2i":1,"test/avg_improvement":193.55400612895167,"raw/image_to_text_rsum":272.4,"comb/image_to_text_rsum":223.5,"raw/r_sum":504.73999999999995,"raw/image_to_text_recall_10":98.1,"train/lr":1.0021132818596065e-09,"_step":1144,"raw/text_to_image_recall_5":83.44,"comb/medR_i2t":16,"raw/mAP_i2t":0.6417604357721651,"comb/image_to_text_recall_10":90.3,"raw/text_to_image_recall_1":58.81999999999999,"comb/mAP_t2i":0.4702268899169528,"train/total_loss":0.618675708770752,"val/diversity_score":0.08478919946355745}