{"train/total_loss":0.6356086730957031,"val/raw_better_percentage":99.990234375,"comb/image_to_text_recall_1":49.1,"comb/r_sum":369.64,"_timestamp":1.725366961854689e+09,"comb/text_to_image_recall_5":55.64,"comb/meanR_t2i":32.5398,"raw/text_to_image_recall_1":58.81999999999999,"raw/medR_i2t":4,"raw/image_to_text_recall_1":79.3,"comb/text_to_image_recall_1":31.4,"comb/text_to_image_recall_10":65.60000000000001,"_runtime":2438.854078091,"comb/image_to_text_recall_5":79.4,"raw/meanR_t2i":6.0368,"comb/image_to_text_recall_10":88.5,"comb/meanR_i2t":165.3486,"comb/text_to_image_rsum":152.64,"val/shuffled_better_percentage":41.162109375,"test/avg_improvement":165.37961704348876,"comb/image_to_text_rsum":217,"comb/medR_i2t":19,"train/lr":1.0021132818596065e-09,"test/avg_worst_improvement":0.00037427197470970457,"raw/mAP_i2t":0.6417604357721651,"comb/mAP_t2i":0.4289494588007872,"raw/text_to_image_recall_5":83.44,"raw/image_to_text_recall_5":95,"raw/image_to_text_recall_10":98.1,"raw/medR_t2i":1,"raw/r_sum":504.73999999999995,"raw/meanR_i2t":25.0006,"raw/text_to_image_recall_10":90.08,"comb/mAP_i2t":0.3101493742012397,"train/n_clusters":5,"raw/text_to_image_rsum":232.33999999999997,"_wandb":{"runtime":2439},"comb/medR_t2i":4,"raw/image_to_text_rsum":272.4,"_step":1164,"raw/mAP_t2i":0.6972033800647486,"test/better_percentage":500}