{"comb/text_to_image_rsum":113.5,"raw/image_to_text_recall_5":95,"test/avg_worst_improvement":0.022749332847955012,"_wandb":{"runtime":16263},"raw/image_to_text_recall_10":98.1,"raw/text_to_image_recall_5":83.44,"comb/mAP_t2i":0.3079377244704866,"comb/medR_t2i":10,"raw/r_sum":504.73999999999995,"raw/mAP_i2t":0.6417604357721651,"comb/text_to_image_recall_10":51.519999999999996,"test/avg_improvement":722.6743828998144,"comb/meanR_i2t":134.135,"train/n_clusters":25,"comb/r_sum":322.9,"raw/meanR_i2t":25.0006,"train/total_loss":0.2871602773666382,"comb/medR_i2t":20,"train/lr":9.047779438647058e-06,"raw/text_to_image_recall_1":58.81999999999999,"comb/text_to_image_recall_1":20.32,"val/shuffled_better_percentage":0,"raw/text_to_image_recall_10":90.08,"comb/image_to_text_recall_10":87,"raw/medR_t2i":1,"raw/medR_i2t":4,"raw/image_to_text_rsum":272.4,"raw/mAP_t2i":0.6972033800647486,"_step":4344,"comb/image_to_text_recall_5":77.5,"comb/text_to_image_recall_5":41.660000000000004,"_timestamp":1.7254208382831056e+09,"comb/image_to_text_rsum":209.4,"raw/text_to_image_rsum":232.33999999999997,"val/raw_better_percentage":100,"raw/image_to_text_recall_1":79.3,"comb/image_to_text_recall_1":44.9,"_runtime":16261.442012357,"test/better_percentage":500,"val/diversity_score":0.09636998770474747,"comb/meanR_t2i":56.4212,"raw/meanR_t2i":6.0368,"comb/mAP_i2t":0.2960384800073729}