{"_wandb":{"runtime":449},"train/total_loss":0.5900962948799133,"train/lr":9.056263775851686e-07,"_timestamp":1.7253944338200986e+09,"_runtime":448.066998161,"_step":1079}