{"_timestamp":1.7247968091488972e+09,"comb/text_to_image_recall_1":31.119999999999997,"raw/text_to_image_recall_10":90.08,"raw/medR_i2t":4,"comb/text_to_image_recall_5":54.24,"raw/image_to_text_recall_5":95,"raw/meanR_i2t":25.0006,"raw/medR_t2i":1,"comb/image_to_text_recall_10":91,"comb/medR_i2t":17,"raw/text_to_image_recall_1":58.81999999999999,"comb/image_to_text_recall_1":50.7,"raw/text_to_image_recall_5":83.44,"train/n_clusters":159490,"_wandb":{"runtime":1290},"raw/mAP_t2i":0.6972033800647486,"comb/text_to_image_rsum":149.3,"raw/image_to_text_recall_1":79.3,"_runtime":1290.818003254,"comb/mAP_t2i":0.4220088112145272,"comb/r_sum":373.5,"comb/mAP_i2t":0.32063336556371824,"comb/meanR_t2i":41.2732,"raw/text_to_image_rsum":232.33999999999997,"raw/meanR_t2i":6.0368,"comb/image_to_text_rsum":224.2,"raw/image_to_text_recall_10":98.1,"_step":1738,"val/raw_better_percentage":100,"train/lr":8.854995722634313e-07,"comb/medR_t2i":4,"raw/r_sum":504.73999999999995,"comb/image_to_text_recall_5":82.5,"val/shuffled_better_percentage":50.64453125,"comb/meanR_i2t":157.3258,"raw/mAP_i2t":0.6417604357721651,"train/total_loss":0.5127850770950317,"comb/text_to_image_recall_10":63.94,"raw/image_to_text_rsum":272.4,"test/avg_improvement":456.38354049353563,"test/better_percentage":500}