{"train/total_loss": 0.6705437302589417, "train/lr": 1.012172462655324e-09, "_timestamp": 1721206030.7910736, "_runtime": 1509.6170544624329, "_step": 490, "train/n_clusters": 5, "test/better_percentage": 99.7, "test/avg_improvement": 23.819492414652593, "test/recalls_raw": {"1": 0.694, "5": 0.906, "10": 0.949}, "test/recalls_comb": {"1": 0.699, "5": 0.908, "10": 0.945}, "_wandb": {"runtime": 1510}}