{"_wandb":{"runtime":160},"train/n_clusters":36240,"train/total_loss":0.6438837647438049,"train/lr":9.054563219015209e-07,"_timestamp":1.7252947145964258e+09,"_runtime":146.311610875,"_step":221}