{"val/shuffled_better_percentage":49.208984375,"train/lr":2.5377603764117674e-07,"_timestamp":1.7218095616507967e+09,"_step":339,"train/total_loss":0.7157559394836426,"_wandb":{"runtime":525},"train/n_clusters":50,"val/raw_better_percentage":83.623046875,"_runtime":520.266857007}