{"val/shuffled_better_percentage":49.619140625,"_wandb":{"runtime":130},"train/n_clusters":36240,"val/raw_better_percentage":0.25390625,"train/total_loss":0.8251261115074158,"_step":37,"train/lr":9.974134632738684e-07,"_timestamp":1.7247593121503541e+09,"_runtime":119.215963677}