{"val/raw_better_percentage":100,"val/shuffled_better_percentage":50.11718750000001,"train/total_loss":0.4873080551624298,"_timestamp":1.7246815297682827e+09,"_runtime":3433.08149112,"_step":3159,"train/lr":2.5104043855111034e-07,"_wandb":{"runtime":3433},"train/n_clusters":50}