{"test/avg_worst_improvement":0.2625523043017956,"comb/image_to_text_recall_1":50.5,"_step":1164,"comb/mAP_i2t":0.32468932244104487,"train/n_clusters":5,"raw/r_sum":504.73999999999995,"raw/text_to_image_rsum":232.33999999999997,"comb/meanR_i2t":147.4362,"val/shuffled_better_percentage":50.576171875,"comb/text_to_image_rsum":164.52,"comb/text_to_image_recall_5":59.84,"train/total_loss":0.6145889163017273,"comb/image_to_text_rsum":223.39999999999998,"raw/meanR_i2t":25.0006,"comb/medR_i2t":16,"test/avg_improvement":189.4489988800758,"raw/mAP_t2i":0.6972033800647486,"raw/text_to_image_recall_1":58.81999999999999,"raw/meanR_t2i":6.0368,"comb/medR_t2i":3,"raw/image_to_text_recall_1":79.3,"comb/r_sum":387.91999999999996,"raw/image_to_text_recall_10":98.1,"comb/image_to_text_recall_10":90.7,"comb/text_to_image_recall_1":35.02,"comb/mAP_t2i":0.46648586470292047,"_runtime":2110.500350275,"test/better_percentage":500,"_timestamp":1.7252981221468577e+09,"_wandb":{"runtime":2111},"raw/image_to_text_recall_5":95,"raw/text_to_image_recall_5":83.44,"comb/meanR_t2i":25.7702,"val/raw_better_percentage":100,"train/lr":1.0021132818596065e-09,"comb/image_to_text_recall_5":82.19999999999999,"raw/text_to_image_recall_10":90.08,"raw/medR_t2i":1,"comb/text_to_image_recall_10":69.66,"raw/image_to_text_rsum":272.4,"raw/mAP_i2t":0.6417604357721651,"raw/medR_i2t":4}