{"raw/r_sum":504.73999999999995,"val/diversity_score":0.07544514504843391,"raw/mAP_t2i":0.6972033800647486,"comb/image_to_text_recall_5":82.69999999999999,"comb/text_to_image_recall_5":60.760000000000005,"train/total_loss":0.6262118220329285,"test/better_percentage":500,"comb/text_to_image_recall_1":35.78,"comb/text_to_image_recall_10":70.88,"_step":620,"test/avg_worst_improvement":5.117750889283575,"raw/image_to_text_rsum":272.4,"_wandb":{"runtime":1348},"train/lr":2.894021782605207e-07,"comb/medR_t2i":3,"comb/image_to_text_rsum":226.7,"comb/mAP_t2i":0.4757353643202031,"raw/text_to_image_recall_5":83.44,"raw/medR_i2t":4,"raw/text_to_image_recall_10":90.08,"raw/mAP_i2t":0.6417604357721651,"comb/meanR_t2i":24.1288,"val/shuffled_better_percentage":75.283203125,"comb/mAP_i2t":0.3338749997086716,"raw/meanR_i2t":25.0006,"_timestamp":1.725400861627177e+09,"test/avg_improvement":167.42522520805403,"comb/r_sum":394.12,"comb/image_to_text_recall_1":53,"_runtime":1308.451503618,"comb/text_to_image_rsum":167.42000000000002,"raw/meanR_t2i":6.0368,"comb/image_to_text_recall_10":91,"comb/medR_i2t":15,"raw/text_to_image_rsum":232.33999999999997,"raw/image_to_text_recall_1":79.3,"comb/meanR_i2t":141.6272,"train/n_clusters":9071,"raw/image_to_text_recall_10":98.1,"raw/text_to_image_recall_1":58.81999999999999,"raw/medR_t2i":1,"raw/image_to_text_recall_5":95,"val/raw_better_percentage":100}