{"raw/meanR_t2i":6.0368,"comb/image_to_text_recall_10":91.2,"raw/text_to_image_recall_1":58.81999999999999,"raw/mAP_i2t":0.6417604357721651,"comb/text_to_image_rsum":170.42,"raw/image_to_text_rsum":272.4,"raw/text_to_image_recall_10":90.08,"comb/text_to_image_recall_1":36.3,"val/shuffled_better_percentage":83.9453125,"train/n_clusters":35872,"raw/image_to_text_recall_1":79.3,"comb/medR_i2t":15,"_timestamp":1.7253720016834495e+09,"_wandb":{"runtime":432},"test/avg_worst_improvement":6.734975601283594,"raw/medR_i2t":4,"raw/image_to_text_recall_10":98.1,"comb/text_to_image_recall_10":71.94,"raw/text_to_image_recall_5":83.44,"train/total_loss":0.6474795341491699,"raw/image_to_text_recall_5":95,"raw/text_to_image_rsum":232.33999999999997,"val/diversity_score":0.09411103175807511,"comb/r_sum":398.12,"raw/r_sum":504.73999999999995,"comb/meanR_t2i":22.5326,"test/avg_improvement":130.3725609695743,"comb/text_to_image_recall_5":62.18,"comb/image_to_text_rsum":227.7,"comb/mAP_t2i":0.4832921549714123,"raw/medR_t2i":1,"test/better_percentage":500,"_runtime":341.980056867,"train/lr":9.054563219015209e-07,"comb/mAP_i2t":0.3413308293013738,"raw/mAP_t2i":0.6972033800647486,"raw/meanR_i2t":25.0006,"val/raw_better_percentage":99.990234375,"comb/image_to_text_recall_5":82.69999999999999,"comb/image_to_text_recall_1":53.800000000000004,"comb/medR_t2i":3,"comb/meanR_i2t":137.3602,"_step":230}