{"val/raw_better_percentage":99.951171875,"comb/medR_t2i":3,"comb/meanR_i2t":143.1748,"raw/image_to_text_recall_5":95,"train/total_loss":0.6619352698326111,"train/n_clusters":36174,"_timestamp":1.7253932021912935e+09,"raw/text_to_image_recall_5":83.44,"test/better_percentage":499.9,"raw/r_sum":504.73999999999995,"_wandb":{"runtime":171},"raw/image_to_text_recall_1":79.3,"raw/medR_t2i":1,"test/avg_worst_improvement":6.402355859905512,"comb/medR_i2t":16,"raw/text_to_image_recall_1":58.81999999999999,"raw/text_to_image_recall_10":90.08,"comb/mAP_i2t":0.3334053152840028,"comb/image_to_text_recall_5":82.89999999999999,"raw/meanR_i2t":25.0006,"comb/text_to_image_rsum":166.12,"raw/image_to_text_recall_10":98.1,"test/avg_improvement":117.65393887892974,"comb/text_to_image_recall_10":70.44,"comb/image_to_text_rsum":226.60000000000002,"raw/medR_i2t":4,"train/lr":6.589936758743434e-07,"raw/mAP_t2i":0.6972033800647486,"val/shuffled_better_percentage":84.6875,"raw/mAP_i2t":0.6417604357721651,"comb/image_to_text_recall_10":91.10000000000001,"comb/meanR_t2i":23.8454,"raw/text_to_image_rsum":232.33999999999997,"comb/mAP_t2i":0.4714778030333336,"comb/r_sum":392.72,"raw/meanR_t2i":6.0368,"comb/text_to_image_recall_1":35.3,"comb/text_to_image_recall_5":60.38,"val/diversity_score":0.0923337797394197,"comb/image_to_text_recall_1":52.6,"_step":152,"_runtime":165.467846052,"raw/image_to_text_rsum":272.4}