{"_timestamp":1.7218072864790833e+09,"_runtime":975.776731859,"_step":778,"test/recalls_comb":{"10":0.963,"1":0.761,"5":0.932},"test/better_percentage":100,"test/recalls_raw":{"1":0.694,"5":0.906,"10":0.949},"train/total_loss":0.640600323677063,"_wandb":{"runtime":998},"val/raw_better_percentage":99.990234375,"test/avg_improvement":35.40702006365676,"train/lr":6.882498291318353e-08,"train/n_clusters":16,"val/shuffled_better_percentage":50.693359375}