{"train/lr":9.39052496226276e-07,"comb/image_to_text_recall_10":91.10000000000001,"test/avg_worst_improvement":6.460840476058174,"comb/text_to_image_recall_10":70.82000000000001,"comb/text_to_image_recall_1":35.620000000000005,"comb/meanR_t2i":23.5938,"train/total_loss":0.6592026352882385,"raw/image_to_text_recall_10":98.1,"comb/image_to_text_rsum":226.8,"raw/image_to_text_recall_1":79.3,"raw/meanR_t2i":6.0368,"train/n_clusters":36174,"raw/meanR_i2t":25.0006,"comb/mAP_i2t":0.33494572039685544,"raw/text_to_image_recall_1":58.81999999999999,"raw/text_to_image_recall_10":90.08,"comb/r_sum":394.02000000000004,"raw/mAP_i2t":0.6417604357721651,"raw/image_to_text_recall_5":95,"val/shuffled_better_percentage":87.509765625,"raw/text_to_image_rsum":232.33999999999997,"_timestamp":1.725435318730193e+09,"raw/image_to_text_rsum":272.4,"raw/text_to_image_recall_5":83.44,"comb/text_to_image_recall_5":60.78,"_runtime":218.794081734,"comb/meanR_i2t":142.1898,"comb/text_to_image_rsum":167.22000000000003,"test/better_percentage":499.9,"comb/image_to_text_recall_5":83,"comb/mAP_t2i":0.4746846927990473,"raw/r_sum":504.73999999999995,"raw/medR_i2t":4,"val/raw_better_percentage":99.9609375,"comb/medR_i2t":16,"comb/image_to_text_recall_1":52.7,"comb/medR_t2i":3,"raw/mAP_t2i":0.6972033800647486,"test/avg_improvement":118.80028794948225,"_wandb":{"runtime":223},"val/diversity_score":0.09291024316553376,"_step":154,"raw/medR_t2i":1}