{"test/avg_improvement":220.98125016243165,"train/n_clusters":5,"test/comb_text_to_image_recall":[31.2,56.720000000000006,66.64,86.14,91.92],"test/comb_image_to_text_recall":[49,80.30000000000001,88.6,97.5,99.1],"test/raw_medR_i2t":4,"test/raw_mAP_t2i":0.6972033800647486,"test/raw_r_sum":901.48,"_runtime":1999.734051051,"test/raw_medR_t2i":1,"test/comb_text_to_image_rsum":332.62,"test/comb_mAP_i2t":0.31102184266914235,"test/comb_meanR_t2i":30.8674,"test/raw_image_to_text_recall":[79.3,95,98.1,99.8,99.9],"_wandb":{"runtime":2000},"test/raw_mAP_i2t":0.6417604357721651,"_step":1134,"test/comb_image_to_text_rsum":414.5,"test/better_percentage":500,"train/lr":1.0021132818596065e-09,"train/total_loss":0.6125912070274353,"test/comb_medR_i2t":18,"_timestamp":1.7247660917549338e+09,"test/comb_r_sum":747.12,"test/comb_medR_t2i":4,"test/raw_meanR_i2t":25.0006,"test/comb_meanR_i2t":163.0546,"test/raw_image_to_text_rsum":472.1,"test/comb_mAP_t2i":0.4324531221510918,"test/raw_meanR_t2i":6.0368,"test/raw_text_to_image_rsum":429.38,"test/raw_text_to_image_recall":[58.81999999999999,83.44,90.08,97.82,99.22]}