{"_runtime":8.741078933,"_wandb":{"runtime":11},"_step":14,"train/total_loss":0.7763974666595459,"train/lr":9.668234230353521e-07,"_timestamp":1.7254383477397974e+09}