{"raw/image_to_text_rsum":272.4,"raw/medR_i2t":4,"comb/meanR_t2i":26.8022,"comb/text_to_image_recall_1":33.379999999999995,"train/lr":2.5200937817529777e-07,"raw/meanR_t2i":6.0368,"comb/image_to_text_rsum":218.90000000000003,"_runtime":1616.388142235,"raw/mAP_i2t":0.6417604357721651,"val/shuffled_better_percentage":20.37109375,"comb/image_to_text_recall_5":80.10000000000001,"train/n_clusters":16,"comb/mAP_t2i":0.4485175348400416,"comb/medR_i2t":16,"test/better_percentage":499,"_timestamp":1.7253644796693616e+09,"raw/text_to_image_recall_5":83.44,"raw/text_to_image_rsum":232.33999999999997,"test/avg_improvement":114.3543523972705,"val/raw_better_percentage":97.67578125,"comb/text_to_image_recall_5":57.49999999999999,"comb/mAP_i2t":0.3257079726531383,"raw/text_to_image_recall_10":90.08,"comb/image_to_text_recall_10":88.7,"raw/r_sum":504.73999999999995,"_step":772,"raw/image_to_text_recall_1":79.3,"raw/text_to_image_recall_1":58.81999999999999,"raw/medR_t2i":1,"raw/image_to_text_recall_10":98.1,"train/total_loss":0.6700294017791748,"comb/meanR_i2t":140.543,"raw/mAP_t2i":0.6972033800647486,"raw/meanR_i2t":25.0006,"comb/medR_t2i":4,"raw/image_to_text_recall_5":95,"_wandb":{"runtime":1643},"comb/text_to_image_rsum":158.85999999999999,"test/avg_worst_improvement":65.95737630256224,"comb/text_to_image_recall_10":67.97999999999999,"comb/r_sum":377.76,"comb/image_to_text_recall_1":50.1}