{"_step":1079,"train/total_loss":0.5998371243476868,"_wandb":{"runtime":450},"train/lr":1.0190194294464309e-09,"_timestamp":1.7253936785682333e+09,"_runtime":449.603619827}