{"raw/text_to_image_recall_1":58.81999999999999,"comb/r_sum":395.21999999999997,"raw/medR_t2i":1,"comb/mAP_i2t":0.3382822747635414,"raw/image_to_text_recall_5":95,"raw/medR_i2t":4,"comb/meanR_i2t":136.794,"_step":754,"comb/text_to_image_recall_1":35.36,"raw/mAP_t2i":0.6972033800647486,"comb/text_to_image_recall_5":60.72,"comb/image_to_text_recall_10":91.5,"test/better_percentage":500,"comb/mAP_t2i":0.47276613244734633,"raw/meanR_i2t":25.0006,"raw/image_to_text_rsum":272.4,"raw/text_to_image_recall_5":83.44,"raw/r_sum":504.73999999999995,"_wandb":{"runtime":1331},"comb/meanR_t2i":23.5726,"train/lr":2.5200937817529777e-07,"raw/text_to_image_recall_10":90.08,"comb/image_to_text_rsum":228.2,"raw/mAP_i2t":0.6417604357721651,"raw/image_to_text_recall_1":79.3,"train/total_loss":0.6381365656852722,"test/avg_improvement":186.8057056812001,"comb/image_to_text_recall_1":53.6,"comb/text_to_image_recall_10":70.94,"raw/text_to_image_rsum":232.33999999999997,"raw/image_to_text_recall_10":98.1,"_runtime":1329.214368772,"_timestamp":1.7252914351906562e+09,"comb/image_to_text_recall_5":83.1,"raw/meanR_t2i":6.0368,"comb/medR_i2t":15,"comb/text_to_image_rsum":167.01999999999998,"train/n_clusters":16,"test/avg_worst_improvement":35.904155538716935,"comb/medR_t2i":3}