{"train/total_loss": 0.48634272813796997, "train/lr": 1.000135826973695e-09, "_timestamp": 1721156140.3850472, "_runtime": 9983.540878295898, "_step": 4330, "train/n_clusters": 5, "val/raw_better_percentage": 100.0, "val/shuffled_better_percentage": 5.44921875, "test/better_percentage": 100.0, "test/avg_improvement": 96.13808510986242, "test/recalls_raw": {"1": 0.694, "5": 0.906, "10": 0.949}, "test/recalls_comb": {"1": 0.658, "5": 0.869, "10": 0.922}, "_wandb": {"runtime": 9984}}