{"raw/image_to_text_recall_10":98.1,"_timestamp":1.7254384112554584e+09,"train/n_clusters":0,"comb/mAP_i2t":0.2938310994239412,"comb/medR_t2i":5,"raw/text_to_image_rsum":232.33999999999997,"test/better_percentage":64.9,"val/shuffled_better_percentage":99.287109375,"raw/image_to_text_recall_5":95,"comb/mAP_t2i":0.3891465678588426,"raw/text_to_image_recall_1":58.81999999999999,"comb/image_to_text_recall_5":77,"_wandb":{"runtime":48},"raw/medR_t2i":1,"val/raw_better_percentage":11.103515625,"train/lr":9.668234230353521e-07,"comb/image_to_text_recall_1":48.6,"comb/text_to_image_recall_10":62.44,"test/avg_worst_improvement":3.79061708677272,"raw/image_to_text_rsum":272.4,"raw/meanR_t2i":6.0368,"raw/text_to_image_recall_10":90.08,"val/diversity_score":0.08063201661570929,"comb/text_to_image_rsum":141.1,"comb/image_to_text_recall_10":86.5,"comb/meanR_t2i":34.9284,"comb/r_sum":353.2,"test/avg_improvement":-39.21760951100639,"raw/text_to_image_recall_5":83.44,"raw/medR_i2t":4,"comb/meanR_i2t":184.9786,"comb/medR_i2t":23,"comb/text_to_image_recall_5":51.5,"raw/image_to_text_recall_1":79.3,"_step":17,"raw/mAP_i2t":0.6417604357721651,"comb/text_to_image_recall_1":27.16,"train/total_loss":0.7763974666595459,"raw/r_sum":504.73999999999995,"comb/image_to_text_rsum":212.1,"_runtime":46.738769561,"raw/meanR_i2t":25.0006,"raw/mAP_t2i":0.6972033800647486}