{"_runtime":1041.688701097,"train/total_loss":0.5203538537025452,"val/shuffled_better_percentage":50.41992187499999,"_timestamp":1.7218085509215534e+09,"_wandb":{"runtime":1220},"train/lr":7.03971223413257e-07,"val/raw_better_percentage":100,"_step":1736,"train/n_clusters":159490}