{"train/total_loss":0.8378044366836548,"train/lr":9.995858537057158e-07,"_wandb":{"runtime":8},"_timestamp":1.724758105207127e+09,"_runtime":8.965824391,"_step":14}