{"_step":36,"_wandb":{"runtime":76},"train/n_clusters":36240,"train/total_loss":0.7312825918197632,"train/lr":9.962768027448403e-07,"_timestamp":1.7258828363085082e+09,"_runtime":21.345824082}