{"raw/image_to_text_recall_1":79.3,"raw/image_to_text_recall_5":95,"comb/mAP_i2t":0.3047711909984748,"comb/medR_t2i":4,"raw/text_to_image_rsum":232.33999999999997,"comb/text_to_image_rsum":151.56,"raw/text_to_image_recall_10":90.08,"comb/mAP_t2i":0.42471411294126754,"raw/mAP_i2t":0.6417604357721651,"comb/image_to_text_recall_5":79.9,"raw/meanR_t2i":6.0368,"comb/meanR_t2i":34.6082,"raw/image_to_text_recall_10":98.1,"raw/medR_i2t":4,"comb/r_sum":369.46000000000004,"raw/image_to_text_rsum":272.4,"comb/text_to_image_recall_5":55.16,"_runtime":3531.30272865,"comb/image_to_text_recall_1":49.5,"_step":1894,"raw/text_to_image_recall_5":83.44,"comb/medR_i2t":19,"_timestamp":1.7247738561436887e+09,"comb/meanR_i2t":169.4296,"train/lr":1.0007607818127975e-09,"train/total_loss":0.5698236227035522,"raw/medR_t2i":1,"comb/text_to_image_recall_1":30.880000000000003,"raw/meanR_i2t":25.0006,"raw/text_to_image_recall_1":58.81999999999999,"_wandb":{"runtime":3532},"test/avg_improvement":302.49246459837616,"raw/r_sum":504.73999999999995,"comb/text_to_image_recall_10":65.52,"test/better_percentage":500,"raw/mAP_t2i":0.6972033800647486,"train/n_clusters":5,"comb/image_to_text_recall_10":88.5,"comb/image_to_text_rsum":217.9}