{"train/total_loss": 0.5233129262924194, "train/lr": 1.00030561067347e-09, "_timestamp": 1721804947.324858, "_runtime": 3444.6291649341583, "_step": 2890, "train/n_clusters": 5, "val/raw_better_percentage": 100.0, "val/shuffled_better_percentage": 20.166015625, "test/better_percentage": 100.0, "test/avg_improvement": 83.31356933378966, "test/recalls_raw": {"1": 0.694, "5": 0.906, "10": 0.949}, "test/recalls_comb": {"1": 0.662, "5": 0.874, "10": 0.931}, "_wandb": {"runtime": 3446}}