{"comb/text_to_image_rsum":166.54000000000002,"raw/r_sum":504.73999999999995,"val/shuffled_better_percentage":49.43359375,"test/avg_worst_improvement":86.39408409015755,"comb/meanR_t2i":22.4572,"val/diversity_score":0.09589842577042873,"comb/r_sum":393.24,"train/total_loss":0.6487605571746826,"_step":1169,"raw/image_to_text_recall_1":79.3,"raw/image_to_text_rsum":272.4,"comb/text_to_image_recall_10":71.08,"test/better_percentage":500,"val/raw_better_percentage":99.921875,"train/n_clusters":20,"raw/mAP_i2t":0.6417604357721651,"_wandb":{"runtime":3091},"comb/text_to_image_recall_1":35.08,"comb/image_to_text_recall_5":82,"comb/image_to_text_recall_1":53.6,"comb/medR_t2i":3,"comb/image_to_text_rsum":226.7,"_timestamp":1.7254343462488072e+09,"comb/mAP_t2i":0.4697124467945001,"comb/image_to_text_recall_10":91.10000000000001,"_runtime":3089.617616352,"comb/text_to_image_recall_5":60.38,"raw/text_to_image_recall_5":83.44,"comb/medR_i2t":14,"raw/text_to_image_rsum":232.33999999999997,"test/avg_improvement":149.40074401276618,"raw/text_to_image_recall_1":58.81999999999999,"raw/image_to_text_recall_5":95,"train/lr":9.056263775851686e-07,"comb/mAP_i2t":0.3506279074837042,"raw/image_to_text_recall_10":98.1,"raw/meanR_t2i":6.0368,"raw/medR_t2i":1,"raw/medR_i2t":4,"raw/meanR_i2t":25.0006,"raw/text_to_image_recall_10":90.08,"raw/mAP_t2i":0.6972033800647486,"comb/meanR_i2t":120.642}