{"test/better_percentage":500,"comb/image_to_text_recall_1":46.800000000000004,"comb/image_to_text_rsum":213.2,"comb/mAP_i2t":0.29708491231732503,"comb/text_to_image_recall_5":44.86,"comb/medR_t2i":8,"raw/text_to_image_recall_1":58.81999999999999,"train/n_clusters":5,"_step":7194,"raw/image_to_text_recall_10":98.1,"comb/meanR_i2t":174.5336,"_wandb":{"runtime":9556},"comb/text_to_image_recall_1":22.68,"raw/image_to_text_recall_5":95,"raw/text_to_image_recall_5":83.44,"comb/image_to_text_recall_5":78.60000000000001,"train/lr":1.0000488977119565e-09,"train/total_loss":0.4430251717567444,"comb/text_to_image_rsum":122.89999999999999,"raw/mAP_i2t":0.6417604357721651,"raw/text_to_image_rsum":232.33999999999997,"_timestamp":1.7247843367281766e+09,"raw/medR_i2t":4,"comb/mAP_t2i":0.3331103458852421,"test/avg_improvement":564.8872698132133,"comb/r_sum":336.09999999999997,"raw/r_sum":504.73999999999995,"raw/meanR_i2t":25.0006,"raw/medR_t2i":1,"comb/text_to_image_recall_10":55.36,"raw/mAP_t2i":0.6972033800647486,"raw/image_to_text_recall_1":79.3,"raw/text_to_image_recall_10":90.08,"_runtime":9555.629687537,"comb/image_to_text_recall_10":87.8,"comb/meanR_t2i":61.7894,"raw/image_to_text_rsum":272.4,"raw/meanR_t2i":6.0368,"comb/medR_i2t":20}