{"_runtime":16.837799319,"_step":31,"train/total_loss":0.7387624382972717,"_wandb":{"runtime":17},"train/lr":9.970784065041716e-07,"_timestamp":1.7254355806784048e+09}