{"train/lr":9.054563219015209e-07,"_wandb":{"runtime":110},"train/n_clusters":36240,"_timestamp":1.7252951790408902e+09,"_runtime":90.549552949,"_step":221,"train/total_loss":0.6438837647438049}