{"_runtime":1544.882042098,"comb/mAP_i2t":0.34377677072919544,"comb/r_sum":390.5,"comb/text_to_image_recall_1":34.52,"comb/mAP_t2i":0.4657301808277659,"raw/mAP_i2t":0.6417604357721651,"train/n_clusters":5,"test/better_percentage":481.50000000000006,"comb/image_to_text_recall_10":90.10000000000001,"comb/image_to_text_rsum":225.2,"raw/text_to_image_recall_5":83.44,"raw/meanR_i2t":25.0006,"raw/text_to_image_rsum":232.33999999999997,"comb/image_to_text_recall_5":82.19999999999999,"_step":504,"raw/medR_i2t":4,"raw/text_to_image_recall_1":58.81999999999999,"raw/meanR_t2i":6.0368,"comb/text_to_image_recall_10":70.39999999999999,"test/avg_worst_improvement":59.1395855785546,"raw/medR_t2i":1,"raw/image_to_text_recall_1":79.3,"comb/text_to_image_recall_5":60.38,"comb/medR_t2i":3,"_timestamp":1.724839881500277e+09,"comb/image_to_text_recall_1":52.900000000000006,"raw/r_sum":504.73999999999995,"raw/text_to_image_recall_10":90.08,"comb/medR_i2t":15,"test/avg_improvement":63.976418502353205,"_wandb":{"runtime":1545},"raw/image_to_text_rsum":272.4,"comb/meanR_t2i":22.6076,"train/total_loss":0.7036909461021423,"comb/text_to_image_rsum":165.3,"raw/image_to_text_recall_10":98.1,"comb/meanR_i2t":125.809,"raw/image_to_text_recall_5":95,"train/lr":1.012172462655324e-09,"raw/mAP_t2i":0.6972033800647486}