{"train/n_clusters":0,"train/total_loss":0.6969300508499146,"train/lr":9.962528219274674e-07,"_timestamp":1.7247952891250947e+09,"_runtime":123.379368913,"_step":278,"_wandb":{"runtime":127}}