{"raw/meanR_i2t":25.0006,"raw/r_sum":504.73999999999995,"comb/mAP_t2i":0.4837943827807039,"comb/image_to_text_recall_5":82.6,"raw/mAP_i2t":0.6417604357721651,"comb/medR_i2t":15,"_runtime":502.8339022,"comb/text_to_image_recall_10":71.72,"train/total_loss":0.6349002718925476,"comb/meanR_i2t":137.5262,"comb/text_to_image_recall_5":61.72,"comb/text_to_image_recall_1":36.44,"comb/medR_t2i":3,"test/better_percentage":500,"comb/image_to_text_recall_1":54.2,"_wandb":{"runtime":511},"comb/text_to_image_rsum":169.88,"test/avg_worst_improvement":9.145409471410074,"raw/text_to_image_rsum":232.33999999999997,"raw/image_to_text_recall_1":79.3,"raw/text_to_image_recall_5":83.44,"val/shuffled_better_percentage":50.45898437500001,"raw/image_to_text_recall_10":98.1,"_timestamp":1.7253603441473486e+09,"raw/image_to_text_recall_5":95,"comb/image_to_text_recall_10":90.8,"raw/meanR_t2i":6.0368,"raw/text_to_image_recall_10":90.08,"train/n_clusters":23991,"raw/mAP_t2i":0.6972033800647486,"comb/mAP_i2t":0.3405395010303762,"comb/meanR_t2i":22.8448,"_step":382,"test/avg_improvement":152.3767333042383,"raw/medR_i2t":4,"comb/r_sum":397.48,"raw/medR_t2i":1,"train/lr":7.51507264893438e-07,"comb/image_to_text_rsum":227.60000000000002,"raw/image_to_text_rsum":272.4,"val/raw_better_percentage":99.990234375,"raw/text_to_image_recall_1":58.81999999999999}