{"raw/text_to_image_recall_10":90.08,"raw/mAP_t2i":0.6972033800647486,"comb/text_to_image_recall_1":35.480000000000004,"test/avg_improvement":181.0833659037628,"val/shuffled_better_percentage":75.908203125,"val/raw_better_percentage":100,"test/avg_worst_improvement":3.161031818369011,"train/n_clusters":7211,"raw/image_to_text_recall_10":98.1,"comb/text_to_image_recall_5":60.14000000000001,"_step":737,"val/diversity_score":0.06892260978929698,"comb/image_to_text_recall_1":51.300000000000004,"raw/text_to_image_recall_5":83.44,"raw/medR_t2i":1,"comb/text_to_image_recall_10":70.3,"_timestamp":1.7253712553475018e+09,"raw/meanR_t2i":6.0368,"_wandb":{"runtime":1904},"raw/image_to_text_rsum":272.4,"comb/meanR_i2t":144.281,"comb/text_to_image_rsum":165.92000000000002,"comb/image_to_text_recall_5":82.5,"raw/image_to_text_recall_5":95,"_runtime":1563.635305123,"raw/meanR_i2t":25.0006,"train/total_loss":0.6194407939910889,"comb/r_sum":390.62,"test/better_percentage":500,"comb/mAP_t2i":0.4715241364340164,"comb/image_to_text_rsum":224.70000000000002,"raw/r_sum":504.73999999999995,"raw/medR_i2t":4,"comb/meanR_t2i":24.9498,"comb/medR_i2t":16,"comb/mAP_i2t":0.32985230957316763,"train/lr":2.986632737713978e-07,"comb/image_to_text_recall_10":90.9,"raw/mAP_i2t":0.6417604357721651,"raw/text_to_image_recall_1":58.81999999999999,"raw/image_to_text_recall_1":79.3,"raw/text_to_image_rsum":232.33999999999997,"comb/medR_t2i":3}