{"val/shuffled_better_percentage":49.58984375,"raw/mAP_i2t":0.6417604357721651,"_timestamp":1.7253831924251611e+09,"comb/image_to_text_rsum":219.60000000000002,"test/avg_improvement":66.27329841708459,"raw/text_to_image_recall_10":90.08,"raw/medR_t2i":1,"comb/image_to_text_recall_10":88.9,"comb/meanR_i2t":139.8268,"comb/image_to_text_recall_1":50.1,"comb/meanR_t2i":26.3502,"_step":1167,"comb/text_to_image_recall_10":68.30000000000001,"raw/image_to_text_recall_5":95,"raw/medR_i2t":4,"comb/r_sum":378.66,"raw/image_to_text_recall_1":79.3,"train/total_loss":0.704521894454956,"raw/image_to_text_rsum":272.4,"raw/meanR_t2i":6.0368,"raw/r_sum":504.73999999999995,"comb/image_to_text_recall_5":80.60000000000001,"_wandb":{"runtime":2973},"raw/text_to_image_recall_5":83.44,"comb/medR_i2t":16,"comb/mAP_i2t":0.32526312711749883,"raw/text_to_image_rsum":232.33999999999997,"train/n_clusters":5,"comb/mAP_t2i":0.4477625231570974,"raw/text_to_image_recall_1":58.81999999999999,"comb/text_to_image_recall_1":33.06,"comb/medR_t2i":3,"val/diversity_score":0.09670794041085173,"val/raw_better_percentage":91.220703125,"test/avg_worst_improvement":71.8289778200187,"test/better_percentage":478.2,"raw/meanR_i2t":25.0006,"raw/image_to_text_recall_10":98.1,"raw/mAP_t2i":0.6972033800647486,"_runtime":2972.801123458,"train/lr":1.0021132818596065e-09,"comb/text_to_image_rsum":159.06,"comb/text_to_image_recall_5":57.699999999999996}