{"_runtime":19.023824625,"_step":6,"_wandb":{"runtime":22},"val/raw_better_percentage":0.0390625,"val/shuffled_better_percentage":49.4140625,"train/n_clusters":0,"_timestamp":1.7218117291038768e+09}