{"test/avg_improvement":281.0015338433139,"raw/medR_i2t":4,"comb/medR_i2t":17,"comb/text_to_image_recall_5":57.720000000000006,"comb/image_to_text_recall_5":81.3,"comb/meanR_t2i":30.523,"train/total_loss":0.5638179183006287,"raw/text_to_image_recall_10":90.08,"raw/image_to_text_recall_10":98.1,"test/better_percentage":500,"comb/image_to_text_recall_10":90.60000000000001,"comb/text_to_image_recall_1":32.66,"raw/meanR_i2t":25.0006,"comb/image_to_text_recall_1":51.9,"comb/mAP_i2t":0.32230453698243255,"raw/text_to_image_recall_1":58.81999999999999,"comb/mAP_t2i":0.44445931549525847,"comb/medR_t2i":3,"raw/text_to_image_rsum":232.33999999999997,"raw/meanR_t2i":6.0368,"train/lr":8.350043938746003e-07,"_timestamp":1.7252938291395664e+09,"_step":1145,"raw/mAP_i2t":0.6417604357721651,"raw/image_to_text_recall_5":95,"raw/mAP_t2i":0.6972033800647486,"test/avg_worst_improvement":5.334655729476463,"_wandb":{"runtime":992},"train/n_clusters":140332,"raw/image_to_text_recall_1":79.3,"raw/image_to_text_rsum":272.4,"raw/medR_t2i":1,"comb/r_sum":381.62,"comb/image_to_text_rsum":223.8,"comb/meanR_i2t":155.6066,"_runtime":975.123027504,"comb/text_to_image_rsum":157.82,"raw/r_sum":504.73999999999995,"comb/text_to_image_recall_10":67.44,"raw/text_to_image_recall_5":83.44}