{"_wandb":{"runtime":3072},"comb/image_to_text_rsum":225.90000000000003,"comb/meanR_i2t":140.0848,"raw/medR_i2t":4,"raw/mAP_i2t":0.6417604357721651,"_runtime":3071.236806448,"comb/mAP_i2t":0.3362073508329157,"raw/text_to_image_recall_10":90.08,"raw/meanR_i2t":25.0006,"comb/image_to_text_recall_10":90.10000000000001,"raw/image_to_text_recall_5":95,"val/diversity_score":0.09574532650731271,"test/better_percentage":500,"raw/text_to_image_recall_1":58.81999999999999,"comb/text_to_image_recall_10":68.04,"test/avg_improvement":141.1095518920285,"comb/medR_t2i":4,"_timestamp":1.7253977894070454e+09,"comb/meanR_t2i":27.0134,"raw/text_to_image_rsum":232.33999999999997,"comb/mAP_t2i":0.44468259718070824,"raw/mAP_t2i":0.6972033800647486,"train/n_clusters":5,"raw/meanR_t2i":6.0368,"_step":1167,"comb/image_to_text_recall_1":52.7,"comb/text_to_image_recall_5":57.699999999999996,"comb/r_sum":384.34000000000003,"train/lr":9.056263775851686e-07,"train/total_loss":0.6487385034561157,"raw/text_to_image_recall_5":83.44,"test/avg_worst_improvement":86.83460915311876,"raw/image_to_text_recall_1":79.3,"comb/text_to_image_recall_1":32.7,"raw/r_sum":504.73999999999995,"val/shuffled_better_percentage":50.673828125,"val/raw_better_percentage":99.931640625,"raw/medR_t2i":1,"comb/medR_i2t":16,"comb/text_to_image_rsum":158.44,"comb/image_to_text_recall_5":83.1,"raw/image_to_text_recall_10":98.1,"raw/image_to_text_rsum":272.4}