{"comb/mAP_i2t":0.32551882772027063,"raw/image_to_text_recall_1":79.3,"raw/mAP_t2i":0.6972033800647486,"raw/text_to_image_recall_1":58.81999999999999,"test/avg_improvement":104.76691375112841,"_wandb":{"runtime":404},"raw/image_to_text_recall_5":95,"_step":106,"val/diversity_score":0.08831969847960863,"train/lr":8.674715750856709e-07,"comb/image_to_text_recall_1":51.6,"comb/medR_t2i":3,"comb/text_to_image_recall_5":59.099999999999994,"raw/text_to_image_rsum":232.33999999999997,"comb/image_to_text_recall_10":89.60000000000001,"raw/mAP_i2t":0.6417604357721651,"comb/text_to_image_rsum":162.1,"raw/medR_t2i":1,"test/better_percentage":499.2,"comb/r_sum":384.29999999999995,"test/avg_worst_improvement":5.338820891088521,"val/raw_better_percentage":99.8828125,"_runtime":343.954864545,"comb/mAP_t2i":0.4561925362375725,"raw/text_to_image_recall_10":90.08,"raw/image_to_text_recall_10":98.1,"val/shuffled_better_percentage":98.486328125,"comb/meanR_i2t":150.932,"_timestamp":1.725436710505224e+09,"raw/image_to_text_rsum":272.4,"raw/medR_i2t":4,"raw/r_sum":504.73999999999995,"comb/image_to_text_rsum":222.2,"comb/meanR_t2i":25.1642,"train/total_loss":0.6734548807144165,"train/n_clusters":14342,"comb/image_to_text_recall_5":81,"raw/text_to_image_recall_5":83.44,"raw/meanR_i2t":25.0006,"comb/medR_i2t":17,"comb/text_to_image_recall_1":33.72,"raw/meanR_t2i":6.0368,"comb/text_to_image_recall_10":69.28}