{"train/n_clusters":5,"comb/image_to_text_rsum":228.8,"comb/text_to_image_recall_1":34.42,"_step":1894,"raw/image_to_text_recall_1":79.3,"raw/image_to_text_rsum":272.4,"raw/text_to_image_recall_10":90.08,"raw/text_to_image_recall_1":58.81999999999999,"raw/mAP_t2i":0.6972033800647486,"comb/r_sum":390.94,"_runtime":3770.905868588,"raw/meanR_t2i":6.0368,"comb/meanR_t2i":28.9568,"comb/image_to_text_recall_5":84,"test/avg_improvement":306.28061470261457,"train/lr":1.0007607818127975e-09,"comb/meanR_i2t":143.053,"comb/image_to_text_recall_1":54,"comb/text_to_image_recall_5":58.9,"comb/mAP_t2i":0.460264510359316,"raw/text_to_image_rsum":232.33999999999997,"train/total_loss":0.5721551179885864,"comb/medR_i2t":16,"_timestamp":1.7247700201604526e+09,"raw/medR_i2t":4,"raw/r_sum":504.73999999999995,"raw/image_to_text_recall_5":95,"raw/meanR_i2t":25.0006,"raw/text_to_image_recall_5":83.44,"_wandb":{"runtime":3771},"comb/text_to_image_recall_10":68.82000000000001,"raw/medR_t2i":1,"test/better_percentage":500,"comb/medR_t2i":3,"comb/mAP_i2t":0.3375756302938839,"raw/image_to_text_recall_10":98.1,"comb/image_to_text_recall_10":90.8,"raw/mAP_i2t":0.6417604357721651,"comb/text_to_image_rsum":162.14}