{"train/total_loss": 0.8215397000312805, "train/lr": 9.897978371748722e-07, "_timestamp": 1721204436.942532, "_runtime": 38.88325500488281, "_step": 31, "train/n_clusters": 0, "_wandb": {"runtime": 39}}