{"raw/r_sum":504.73999999999995,"raw/meanR_t2i":6.0368,"raw/medR_i2t":4,"comb/text_to_image_recall_1":38.78,"train/lr":1.0021132818596065e-09,"raw/text_to_image_recall_10":90.08,"train/total_loss":0.7054799199104309,"_runtime":2849.131818328,"comb/meanR_t2i":19.4572,"raw/text_to_image_rsum":232.33999999999997,"comb/medR_i2t":12,"comb/r_sum":410.92,"raw/image_to_text_recall_5":95,"comb/medR_t2i":2,"comb/text_to_image_recall_10":74.53999999999999,"val/shuffled_better_percentage":51.123046875,"comb/image_to_text_recall_10":91.7,"_timestamp":1.7253758638512697e+09,"comb/mAP_i2t":0.3784254020321257,"raw/meanR_i2t":25.0006,"test/avg_improvement":111.24852228139808,"raw/image_to_text_recall_1":79.3,"raw/text_to_image_recall_1":58.81999999999999,"raw/mAP_i2t":0.6417604357721651,"comb/image_to_text_recall_1":55.800000000000004,"test/better_percentage":499.6,"raw/medR_t2i":1,"comb/text_to_image_rsum":178.32,"_step":1161,"comb/meanR_i2t":102.3582,"comb/image_to_text_rsum":232.60000000000002,"raw/image_to_text_rsum":272.4,"comb/image_to_text_recall_5":85.1,"raw/image_to_text_recall_10":98.1,"raw/text_to_image_recall_5":83.44,"test/avg_worst_improvement":142.6054232799912,"raw/mAP_t2i":0.6972033800647486,"comb/text_to_image_recall_5":65,"val/raw_better_percentage":90.263671875,"_wandb":{"runtime":2850},"val/diversity_score":0.0971335756503322,"train/n_clusters":5,"comb/mAP_t2i":0.5082951114268324}