{"train/n_clusters":36240,"train/lr":9.054563219015209e-07,"_timestamp":1.725294911005638e+09,"_runtime":150.07310161,"_step":221,"train/total_loss":0.6438837647438049,"_wandb":{"runtime":170}}