{"raw/medR_i2t":4,"train/n_clusters":5,"comb/text_to_image_rsum":123.08,"raw/image_to_text_rsum":272.4,"raw/meanR_i2t":25.0006,"train/total_loss":0.44151097536087036,"comb/medR_i2t":19,"_wandb":{"runtime":9887},"comb/text_to_image_recall_5":45.16,"comb/image_to_text_recall_5":78.2,"raw/text_to_image_recall_10":90.08,"_timestamp":1.7248087952406378e+09,"raw/image_to_text_recall_10":98.1,"raw/text_to_image_recall_5":83.44,"raw/mAP_i2t":0.6417604357721651,"test/avg_improvement":577.7040517010659,"comb/text_to_image_recall_1":22.98,"comb/medR_t2i":7,"comb/text_to_image_recall_10":54.94,"comb/r_sum":334.78,"comb/meanR_t2i":62.509,"comb/meanR_i2t":172.7466,"raw/image_to_text_recall_1":79.3,"val/shuffled_better_percentage":29.628906249999996,"comb/mAP_t2i":0.3363714669292985,"raw/meanR_t2i":6.0368,"comb/image_to_text_recall_1":45.800000000000004,"raw/mAP_t2i":0.6972033800647486,"_step":7939,"_runtime":9886.725895001,"val/raw_better_percentage":100,"test/better_percentage":500,"raw/medR_t2i":1,"comb/mAP_i2t":0.29798314889103017,"comb/image_to_text_rsum":211.7,"train/lr":1.0000405150174935e-09,"raw/text_to_image_rsum":232.33999999999997,"raw/r_sum":504.73999999999995,"raw/image_to_text_recall_5":95,"raw/text_to_image_recall_1":58.81999999999999,"comb/image_to_text_recall_10":87.7}