{"_runtime":20.947429439,"_step":36,"_wandb":{"runtime":20},"train/n_clusters":0,"train/total_loss":0.7312825918197632,"train/lr":9.962768027448403e-07,"_timestamp":1.7258830132833817e+09}