{"_step":82,"_runtime":102.649554635,"val/shuffled_better_percentage":49.64,"train/n_clusters":9921,"train/total_loss":0.8203293681144714,"train/lr":8.751804792804144e-07,"_wandb":{"runtime":112},"val/raw_better_percentage":0.33,"_timestamp":1.721807459398422e+09}