{"test/avg_worst_improvement":0.00018012551803991722,"raw/image_to_text_recall_1":79.3,"comb/text_to_image_recall_1":27.76,"comb/text_to_image_recall_5":50.32,"raw/meanR_i2t":25.0006,"_timestamp":1.724846619044934e+09,"_wandb":{"runtime":1560},"comb/r_sum":351.52,"raw/mAP_i2t":0.6417604357721651,"train/n_clusters":5,"comb/medR_i2t":20,"comb/image_to_text_rsum":212.3,"raw/image_to_text_recall_10":98.1,"comb/meanR_t2i":34.586,"raw/mAP_t2i":0.6972033800647486,"comb/image_to_text_recall_1":46.2,"raw/image_to_text_recall_5":95,"comb/text_to_image_recall_10":61.14000000000001,"raw/medR_t2i":1,"_runtime":1559.964875424,"_step":504,"comb/meanR_i2t":178.2746,"raw/text_to_image_recall_10":90.08,"comb/mAP_t2i":0.38939722017997247,"train/total_loss":0.6952981352806091,"comb/image_to_text_recall_10":87.8,"test/better_percentage":490.7,"raw/r_sum":504.73999999999995,"train/lr":1.012172462655324e-09,"raw/text_to_image_rsum":232.33999999999997,"comb/mAP_i2t":0.2939884311717988,"test/avg_improvement":83.33500449861646,"raw/image_to_text_rsum":272.4,"raw/text_to_image_recall_5":83.44,"comb/text_to_image_rsum":139.22,"comb/image_to_text_recall_5":78.3,"raw/meanR_t2i":6.0368,"comb/medR_t2i":5,"raw/medR_i2t":4,"raw/text_to_image_recall_1":58.81999999999999}